{
  "MAE": 20710.9823372206,
  "R2": 0.9402641901809518,
  "best_params": {
    "reg__max_depth": 10,
    "reg__min_samples_leaf": 1,
    "reg__min_samples_split": 2
  },
  "model_saved_at": "2025-09-17T14:32:57.970489Z"
}